0_10818607444_9a55bfc87d_c.jpg,/WESTANDWL
1_10818607444_9a55bfc87d_c.jpg,Wiy
2_10818607444_9a55bfc87d_c.jpg,EATING,
3_10818607444_9a55bfc87d_c.jpg,
4_10818607444_9a55bfc87d_c.jpg,'S LUNG
5_10818607444_9a55bfc87d_c.jpg,
6_10818607444_9a55bfc87d_c.jpg,
7_10818607444_9a55bfc87d_c.jpg,TIME,
8_10818607444_9a55bfc87d_c.jpg,
9_10818607444_9a55bfc87d_c.jpg,NOT,
10_10818607444_9a55bfc87d_c.jpg,TIME,
11_10818607444_9a55bfc87d_c.jpg,m|
12_10818607444_9a55bfc87d_c.jpg,
13_10818607444_9a55bfc87d_c.jpg,
14_10818607444_9a55bfc87d_c.jpg,BUT
15_10818607444_9a55bfc87d_c.jpg,NCH T
16_10818607444_9a55bfc87d_c.jpg,WE'F
0_10818607444_9a55bfc87d_c.jpg,/WESTANDWL
1_10818607444_9a55bfc87d_c.jpg,Wiy
2_10818607444_9a55bfc87d_c.jpg,EATING,
3_10818607444_9a55bfc87d_c.jpg,
4_10818607444_9a55bfc87d_c.jpg,'S LUNG
5_10818607444_9a55bfc87d_c.jpg,
6_10818607444_9a55bfc87d_c.jpg,
7_10818607444_9a55bfc87d_c.jpg,TIME,
8_10818607444_9a55bfc87d_c.jpg,
9_10818607444_9a55bfc87d_c.jpg,NOT,
10_10818607444_9a55bfc87d_c.jpg,TIME,
11_10818607444_9a55bfc87d_c.jpg,m|
12_10818607444_9a55bfc87d_c.jpg,
13_10818607444_9a55bfc87d_c.jpg,
14_10818607444_9a55bfc87d_c.jpg,BUT
15_10818607444_9a55bfc87d_c.jpg,NCH T
16_10818607444_9a55bfc87d_c.jpg,WE'F
