0_10818751533_3dc3681fe4_c.jpg,Dlan ]|
1_10818751533_3dc3681fe4_c.jpg,
2_10818751533_3dc3681fe4_c.jpg,
3_10818751533_3dc3681fe4_c.jpg,
4_10818751533_3dc3681fe4_c.jpg,EATING.
5_10818751533_3dc3681fe4_c.jpg,
6_10818751533_3dc3681fe4_c.jpg,
7_10818751533_3dc3681fe4_c.jpg,
8_10818751533_3dc3681fe4_c.jpg,
9_10818751533_3dc3681fe4_c.jpg,1TSS
10_10818751533_3dc3681fe4_c.jpg,
11_10818751533_3dc3681fe4_c.jpg,
12_10818751533_3dc3681fe4_c.jpg,
13_10818751533_3dc3681fe4_c.jpg,
14_10818751533_3dc3681fe4_c.jpg,
15_10818751533_3dc3681fe4_c.jpg,
0_10818751533_3dc3681fe4_c.jpg,Dlan ]|
1_10818751533_3dc3681fe4_c.jpg,
2_10818751533_3dc3681fe4_c.jpg,
3_10818751533_3dc3681fe4_c.jpg,
4_10818751533_3dc3681fe4_c.jpg,EATING.
5_10818751533_3dc3681fe4_c.jpg,
6_10818751533_3dc3681fe4_c.jpg,
7_10818751533_3dc3681fe4_c.jpg,
8_10818751533_3dc3681fe4_c.jpg,
9_10818751533_3dc3681fe4_c.jpg,1TSS
10_10818751533_3dc3681fe4_c.jpg,
11_10818751533_3dc3681fe4_c.jpg,
12_10818751533_3dc3681fe4_c.jpg,
13_10818751533_3dc3681fe4_c.jpg,
14_10818751533_3dc3681fe4_c.jpg,
15_10818751533_3dc3681fe4_c.jpg,
