0_10818609524_742ec7038c_c.jpg,
1_10818609524_742ec7038c_c.jpg,
2_10818609524_742ec7038c_c.jpg,HWESTANDWITHYOL
3_10818609524_742ec7038c_c.jpg,
4_10818609524_742ec7038c_c.jpg,
5_10818609524_742ec7038c_c.jpg,
6_10818609524_742ec7038c_c.jpg,EATING.
7_10818609524_742ec7038c_c.jpg,
8_10818609524_742ec7038c_c.jpg,
9_10818609524_742ec7038c_c.jpg,
10_10818609524_742ec7038c_c.jpg,
11_10818609524_742ec7038c_c.jpg,TIME.
12_10818609524_742ec7038c_c.jpg,
13_10818609524_742ec7038c_c.jpg,
14_10818609524_742ec7038c_c.jpg,
15_10818609524_742ec7038c_c.jpg,
16_10818609524_742ec7038c_c.jpg,
17_10818609524_742ec7038c_c.jpg,
