0_10922741184_12a48fcd23_c.jpg,MG H YAy
1_10922741184_12a48fcd23_c.jpg,
2_10922741184_12a48fcd23_c.jpg,
3_10922741184_12a48fcd23_c.jpg,
4_10922741184_12a48fcd23_c.jpg,
5_10922741184_12a48fcd23_c.jpg,
6_10922741184_12a48fcd23_c.jpg,
7_10922741184_12a48fcd23_c.jpg,
8_10922741184_12a48fcd23_c.jpg,
9_10922741184_12a48fcd23_c.jpg,
10_10922741184_12a48fcd23_c.jpg,
11_10922741184_12a48fcd23_c.jpg,
12_10922741184_12a48fcd23_c.jpg,
13_10922741184_12a48fcd23_c.jpg,
0_10922741184_12a48fcd23_c.jpg,MG H YAy
1_10922741184_12a48fcd23_c.jpg,
2_10922741184_12a48fcd23_c.jpg,
3_10922741184_12a48fcd23_c.jpg,
4_10922741184_12a48fcd23_c.jpg,
5_10922741184_12a48fcd23_c.jpg,
6_10922741184_12a48fcd23_c.jpg,
7_10922741184_12a48fcd23_c.jpg,
8_10922741184_12a48fcd23_c.jpg,
9_10922741184_12a48fcd23_c.jpg,
10_10922741184_12a48fcd23_c.jpg,
11_10922741184_12a48fcd23_c.jpg,
12_10922741184_12a48fcd23_c.jpg,
13_10922741184_12a48fcd23_c.jpg,
