0_10943346956_89fbc59acc_c.jpg,
1_10943346956_89fbc59acc_c.jpg,OLUTIoNg
2_10943346956_89fbc59acc_c.jpg,
3_10943346956_89fbc59acc_c.jpg,*HILIPpyy,
4_10943346956_89fbc59acc_c.jpg,
5_10943346956_89fbc59acc_c.jpg,L LEYD
6_10943346956_89fbc59acc_c.jpg,
7_10943346956_89fbc59acc_c.jpg,
8_10943346956_89fbc59acc_c.jpg,?oLLu-,E,,s
9_10943346956_89fbc59acc_c.jpg,
10_10943346956_89fbc59acc_c.jpg,
11_10943346956_89fbc59acc_c.jpg,
12_10943346956_89fbc59acc_c.jpg,
13_10943346956_89fbc59acc_c.jpg,605
14_10943346956_89fbc59acc_c.jpg,Nor
15_10943346956_89fbc59acc_c.jpg,STang
16_10943346956_89fbc59acc_c.jpg,
17_10943346956_89fbc59acc_c.jpg,
18_10943346956_89fbc59acc_c.jpg,> Wity
19_10943346956_89fbc59acc_c.jpg,You
20_10943346956_89fbc59acc_c.jpg,
21_10943346956_89fbc59acc_c.jpg,
22_10943346956_89fbc59acc_c.jpg,® Wiry,,
23_10943346956_89fbc59acc_c.jpg,Hrgg
24_10943346956_89fbc59acc_c.jpg,
25_10943346956_89fbc59acc_c.jpg,
0_10943346956_89fbc59acc_c.jpg,
1_10943346956_89fbc59acc_c.jpg,OLUTIoNg
2_10943346956_89fbc59acc_c.jpg,
3_10943346956_89fbc59acc_c.jpg,*HILIPpyy,
4_10943346956_89fbc59acc_c.jpg,
5_10943346956_89fbc59acc_c.jpg,L LEYD
6_10943346956_89fbc59acc_c.jpg,
7_10943346956_89fbc59acc_c.jpg,
8_10943346956_89fbc59acc_c.jpg,?oLLu-,E,,s
9_10943346956_89fbc59acc_c.jpg,
10_10943346956_89fbc59acc_c.jpg,
11_10943346956_89fbc59acc_c.jpg,
12_10943346956_89fbc59acc_c.jpg,
13_10943346956_89fbc59acc_c.jpg,605
14_10943346956_89fbc59acc_c.jpg,Nor
15_10943346956_89fbc59acc_c.jpg,STang
16_10943346956_89fbc59acc_c.jpg,
17_10943346956_89fbc59acc_c.jpg,
18_10943346956_89fbc59acc_c.jpg,> Wity
19_10943346956_89fbc59acc_c.jpg,You
20_10943346956_89fbc59acc_c.jpg,
21_10943346956_89fbc59acc_c.jpg,
22_10943346956_89fbc59acc_c.jpg,® Wiry,,
23_10943346956_89fbc59acc_c.jpg,Hrgg
24_10943346956_89fbc59acc_c.jpg,
25_10943346956_89fbc59acc_c.jpg,
